index,group,sense,upstream,form,category,solver_status,verification_status,attainable,strictly_better,value,elapsed_s,input_sha256
0,griggio,max,data/floatingpoint_test/o300/griggio/fmcad12/div/div2.c.40.b86.max.smt2,fp,timeout,timeout,,,,,30.073586637998233,d73624fb9e567f99956e681cb18c48d89b1e2a597c9d4a5dd2942e5704578b3e
0,griggio,max,data/floatingpoint_test/o300/griggio/fmcad12/div/div2.c.40.b86.max.smt2,bvfp,timeout,unknown,,,,,32.50779870900442,762c67786a3862645f178d45bc442527d5cd6631aa97bb8dd56d0b492677ec8e
0,griggio,max,data/floatingpoint_test/o300/griggio/fmcad12/div/div2.c.40.b86.max.smt2,bv,timeout,timeout,,,,,35.31123121501878,9c1662b8bc2e0784b5408caa5af0d5578e47e2ac80ec0eac13e34bf6727a3984
1,griggio,max,data/floatingpoint_test/o300/griggio/fmcad12/mult/mult1.c.40.b97.max.smt2,fp,timeout,timeout,,,,,30.06177594899782,53b4fc0075b483f4774b05b99deecd85bdc20843c723aba08561c7f97a9600fe
1,griggio,max,data/floatingpoint_test/o300/griggio/fmcad12/mult/mult1.c.40.b97.max.smt2,bvfp,timeout,unknown,,,,,32.48297261100379,a785f2b9b5e2c2f26a97a2586175fcde577e5282b26a0d6f4f60b65f13f5ba2f
1,griggio,max,data/floatingpoint_test/o300/griggio/fmcad12/mult/mult1.c.40.b97.max.smt2,bv,memory_limit,error,,,,,29.98814517300343,4384d3890b75747c4f5ed6b58ac6745ff47f5acfb7a10a6dc5e6293cb65f632f
2,griggio,min,data/floatingpoint_test/o300/griggio/fmcad12/mult/mult1.c.10.b16.min.smt2,fp,verified_optimum,candidate,verified,sat,unsat,(fp #b1 #b11111110 #b11111111111111111111111),2.2866983939893544,c0145768aeca8f060983bbb56e14137c2b2fa4e8c678fd9ede2ed49e0c996a75
2,griggio,min,data/floatingpoint_test/o300/griggio/fmcad12/mult/mult1.c.10.b16.min.smt2,bvfp,unverified_candidate,candidate,unverified,unknown,unsat,8388608,24.27643690997502,8234847754da3e15718f9524b810e8af96d12b0a2964d344088ee9993f39d114
2,griggio,min,data/floatingpoint_test/o300/griggio/fmcad12/mult/mult1.c.10.b16.min.smt2,bv,timeout,unknown,,,,,32.39532367899665,74b4462c9101c1bff7819a7259ad6b67f93146261394dc3b5fc6dbcd482cab07
3,griggio,min,data/floatingpoint_test/o300/griggio/fmcad12/test/test_v7_r12_vr5_c1_s8938.x1.min.smt2,fp,timeout,timeout,,,,,30.09973410301609,444e2f19bace2e9352a03afc4265d7c5c6f7ca7d5a5a0dd4283137606fd7d2f9
3,griggio,min,data/floatingpoint_test/o300/griggio/fmcad12/test/test_v7_r12_vr5_c1_s8938.x1.min.smt2,bvfp,timeout,unknown,,,,,32.42328085101326,e0fdcaca00111e51039495bda374f5b7f132a2edb1718b794169e27ed7d9ae56
3,griggio,min,data/floatingpoint_test/o300/griggio/fmcad12/test/test_v7_r12_vr5_c1_s8938.x1.min.smt2,bv,timeout,unknown,,,,,32.5684663830034,43a6e6508bdc18d3380c92ef57f7da67121eb23c79ea24b01bfaf88a8b89d5f5
4,heizmann,max,data/floatingpoint_test/o300/heizmann/water_pid_true-unreach-call.c_14.var_9.max.smt2,fp,unverified_candidate,candidate,unverified,unknown,unsat,(_ +oo 11 53),0.11234928501653485,6bff27349877df0839110783f7fa3705177c52110b6ff56b41cec39759d65e30
4,heizmann,max,data/floatingpoint_test/o300/heizmann/water_pid_true-unreach-call.c_14.var_9.max.smt2,bvfp,verified_optimum,candidate,verified,sat,unsat,18442240474082181120,0.7015279839979485,109b8386bc6200cea1d16d3e2e22fc6f01e6e7d9ad461302f0d0c197c2dfca0b
4,heizmann,max,data/floatingpoint_test/o300/heizmann/water_pid_true-unreach-call.c_14.var_9.max.smt2,bv,timeout,unknown,,,,,32.54206435100059,d5984f20e86441cda2fad7e4e7784a816b297836b39f00027a45087d0bc3d0f3
5,heizmann,max,data/floatingpoint_test/o300/heizmann/Newlib-BadKrozingenChallenge-Oversimplified.var_7.max.smt2,fp,timeout,timeout,,,,,30.09020243200939,f906690193d5841b572e9952b418155ebd8bfc565e092836b5a4c2e71db2a2fe
5,heizmann,max,data/floatingpoint_test/o300/heizmann/Newlib-BadKrozingenChallenge-Oversimplified.var_7.max.smt2,bvfp,timeout,unknown,,,,,30.004127070016693,e05ae44a99ea6a0c35f27e1d9f3688747ae74d744675fe0d6d04b978232b75e2
5,heizmann,max,data/floatingpoint_test/o300/heizmann/Newlib-BadKrozingenChallenge-Oversimplified.var_7.max.smt2,bv,memory_limit,error,,,,,23.632630021020304,4a3a9607063ef370f66992985f10b1227265c241bbbf8d8dfc8b09c042c0fcc2
6,heizmann,min,data/floatingpoint_test/o300/heizmann/Newlib-BadKrozingenChallenge-Oversimplified.var_11.min.smt2,fp,timeout,timeout,,,,,30.070913346018642,5503ad28fe76c9a52108b1074acfeb17fbbe93efb770986f2b9e62101217feb1
6,heizmann,min,data/floatingpoint_test/o300/heizmann/Newlib-BadKrozingenChallenge-Oversimplified.var_11.min.smt2,bvfp,timeout,unknown,,,,,32.4882819269842,f90f51925cff540995956b0d5791aa566adbb001b5ee59356aefa4dc631c16c3
6,heizmann,min,data/floatingpoint_test/o300/heizmann/Newlib-BadKrozingenChallenge-Oversimplified.var_11.min.smt2,bv,memory_limit,error,,,,,17.47511359298369,59c1c5f6faeb8cd45bc6249f25fd9001cba0746de599ed9f70568ffd936c0762
7,heizmann,min,data/floatingpoint_test/o300/heizmann/water_pid_true-unreach-call.c_14.var_8.min.smt2,fp,unverified_candidate,candidate,unverified,unknown,unsat,(_ -oo 11 53),0.35913426100159995,ee16188b9110b5f745af327d72a742c41249d547548dd7c4a6cb846d50c5af99
7,heizmann,min,data/floatingpoint_test/o300/heizmann/water_pid_true-unreach-call.c_14.var_8.min.smt2,bvfp,unverified_candidate,candidate,unverified,unknown,unsat,4503599627370495,0.6922107969876379,0fccd084b33bcae3a9862a55547ec75576f8faaf3a8e351492c2332d2ed474f8
7,heizmann,min,data/floatingpoint_test/o300/heizmann/water_pid_true-unreach-call.c_14.var_8.min.smt2,bv,timeout,unknown,,,,,32.457535890018335,f3013dcc13ebbb7b4a76cb8799dbd76a69975a8e68a5a26a39ae31662d890b7d
8,ramalho,max,data/floatingpoint_test/o300/ramalho/esbmc/Float_div_bad-main.var_57.max.smt2,fp,timeout,timeout,,,,,30.06625894200988,6d6b2d0e1a46a9bdad9b636f9555b7a13967cc1a4f6b7f2be358b1a16d316313
8,ramalho,max,data/floatingpoint_test/o300/ramalho/esbmc/Float_div_bad-main.var_57.max.smt2,bvfp,verified_optimum,candidate,verified,sat,unsat,3047264005,0.032713141990825534,b63cc868bc592682ff54e6f2095bd342f158a9d5e82a57bef529d106f227688f
8,ramalho,max,data/floatingpoint_test/o300/ramalho/esbmc/Float_div_bad-main.var_57.max.smt2,bv,timeout,timeout,,,,,35.22969019800075,bf64a79cadd1d5db22d321fe92fc56273386f9b512fb3fc4f6c80fa390bbda89
9,ramalho,max,data/floatingpoint_test/o300/ramalho/esbmc/Float_div_bad-main.var_402.max.smt2,fp,verified_optimum,candidate,verified,sat,unsat,(fp #b0 #b00000000 #b00000000001101000100001),2.500391542998841,0273b2a47357c7e43c5513293a03d14d662b9e0524428ab9f61b51c4ae65bf98
9,ramalho,max,data/floatingpoint_test/o300/ramalho/esbmc/Float_div_bad-main.var_402.max.smt2,bvfp,verified_optimum,candidate,verified,sat,unsat,2147490337,0.01397711198660545,18193755bdd6b141b11174460f4d2541bf4096eaf57cbbb792aebab40091ab84
9,ramalho,max,data/floatingpoint_test/o300/ramalho/esbmc/Float_div_bad-main.var_402.max.smt2,bv,timeout,timeout,,,,,35.22932978000608,38f2ec97a1064e85cc417342a7195d8f390db608dc955e98aa9eb2b1b3d596c9
10,ramalho,min,data/floatingpoint_test/o300/ramalho/esbmc/Float_div_bad-main.var_520.min.smt2,fp,verified_optimum,candidate,verified,sat,unsat,(fp #b0 #b00000000 #b00000000000000000000001),0.14239493000786752,86a2036194715e241ca10a69bcf42a1383adb1e150ba6f5a52e5a06b8cf7ea0f
10,ramalho,min,data/floatingpoint_test/o300/ramalho/esbmc/Float_div_bad-main.var_520.min.smt2,bvfp,verified_optimum,candidate,verified,sat,unsat,2147483649,0.011082609998993576,ca6183f15e52c25208b04e375d3b3c52586db6866b8ce1eb8901a0039ef103b8
10,ramalho,min,data/floatingpoint_test/o300/ramalho/esbmc/Float_div_bad-main.var_520.min.smt2,bv,timeout,timeout,,,,,35.248341990984045,2fd6c26b3d6ba9908a63f7be43854bc70b7a931bbb4b2414d52044081948b0eb
11,ramalho,min,data/floatingpoint_test/o300/ramalho/esbmc/Float_div_bad-main.var_363.min.smt2,fp,verified_optimum,candidate,verified,sat,unsat,(fp #b0 #b00000011 #b10000001100101100001011),12.46119069098495,61a2800d585bcb46d338108fcf52466eccade7ec4d6d05ed499fc6b55bba95b1
11,ramalho,min,data/floatingpoint_test/o300/ramalho/esbmc/Float_div_bad-main.var_363.min.smt2,bvfp,verified_optimum,candidate,verified,sat,unsat,2176895755,0.018101538997143507,6f83f6265e8849b9a455c199d2890a05d00110113702f2b16b167d3653ba630e
11,ramalho,min,data/floatingpoint_test/o300/ramalho/esbmc/Float_div_bad-main.var_363.min.smt2,bv,timeout,timeout,,,,,35.262689288996626,987264a2aa44dad16d799a6c21ea4a8cd56eeeb2e6b757e1500bf7804a714a5e
12,schanda,max,data/floatingpoint_test/o300/schanda/spark/underflow_1.a.max.smt2,fp,verified_optimum,candidate,verified,sat,unsat,(fp #b0 #b01111110 #b00000000000000000000000),0.19085091198212467,227ae96a4ac3acd1940dfc4a506963f0ee96b5e23c1d354c47aae0972878ee4d
12,schanda,max,data/floatingpoint_test/o300/schanda/spark/underflow_1.a.max.smt2,bvfp,verified_optimum,candidate,verified,sat,unsat,3204448256,5.24521812502644,61c7ef1ffa0f19a929f61b5b797741e4af9e0a0e0fc3447def7f9f33f0aab012
12,schanda,max,data/floatingpoint_test/o300/schanda/spark/underflow_1.a.max.smt2,bv,verified_optimum,candidate,verified,sat,unsat,3204448256,7.989045188005548,6f956c7494fdf55d284781155701e74196e05ff044160b3a66c9327fec69b511
13,schanda,max,data/floatingpoint_test/o300/schanda/spark/assoc_mult.a.max.smt2,fp,verified_optimum,candidate,verified,sat,unsat,(fp #b0 #b11111110 #b11111111111111111111111),0.709428738016868,62e3593035ad751ac3eee48ee8e58ce7ba87a4ac9937f463d218b9aaf0e6358e
13,schanda,max,data/floatingpoint_test/o300/schanda/spark/assoc_mult.a.max.smt2,bvfp,verified_optimum,candidate,verified,sat,unsat,4286578687,8.620674537000014,4b9bb43835e7590cb280965486eeab4eb5dc19da6c5cdf45e2594b16be6bedc6
13,schanda,max,data/floatingpoint_test/o300/schanda/spark/assoc_mult.a.max.smt2,bv,verified_optimum,candidate,verified,sat,unsat,4286578687,12.568261250009527,d93eb793dfadd6e35deeedc07238af3c4262ed8846d4a1a50394ae1f80ad98e4
14,schanda,min,data/floatingpoint_test/o300/schanda/spark/protected_divide.right.min.smt2,fp,verified_optimum,candidate,verified,sat,unsat,(fp #b0 #b00000000 #b00000000000000000000001),0.40210863199899904,3b8a479636efcb046d851c14120d52ea290ebb9eb6bf9653fbed0b5a95f86ff3
14,schanda,min,data/floatingpoint_test/o300/schanda/spark/protected_divide.right.min.smt2,bvfp,verified_optimum,candidate,verified,sat,unsat,2147483649,11.059920070023509,ee8ddd40d3cd8fffb0d3eb57d859fa91845768b378ab8901428abdab0890cba5
14,schanda,min,data/floatingpoint_test/o300/schanda/spark/protected_divide.right.min.smt2,bv,verified_optimum,candidate,verified,sat,unsat,2147483649,17.261056170013035,5b23aa80e1326e477ca52bb170765d32a5e97295faaa58a69a48ef77ec24bf33
15,schanda,min,data/floatingpoint_test/o300/schanda/spark/scale_1.a.min.smt2,fp,verified_optimum,candidate,verified,sat,unsat,(fp #b0 #b00000000 #b00000000000000000000000),0.1250887979986146,03539e65d799981abe4e2da025b3d7e38a9aeb0697d16e0c3f22fbeadb20640d
15,schanda,min,data/floatingpoint_test/o300/schanda/spark/scale_1.a.min.smt2,bvfp,verified_optimum,candidate,verified,sat,unsat,2147483648,0.09107278502779081,bacc4e497314b2b67465457c2cdb779bf2dcae9aa9f63509ab74740aa95c6bfc
15,schanda,min,data/floatingpoint_test/o300/schanda/spark/scale_1.a.min.smt2,bv,verified_optimum,candidate,verified,sat,unsat,2147483648,0.03537085102288984,dccb6841dbabe87840ff3180c56de4304b18480d5a442247db74cb8fbff2b34d
16,wintersteiger,max,data/floatingpoint_test/o300/wintersteiger/add/add-has-solution-1054.max.smt2,fp,verified_optimum,candidate,verified,sat,unsat,(fp #b1 #b11010011110 #b0101110100101011110111011111111000000101010110011101),0.18257527402602136,23ecd455250bba1da0d6327c17c588d3cefe931a477eb7e902a581dadf07ca9d
16,wintersteiger,max,data/floatingpoint_test/o300/wintersteiger/add/add-has-solution-1054.max.smt2,bvfp,verified_optimum,candidate,verified,sat,unsat,1592635180258929250,6.906512804998783,89f3ea35779e9d8aa39f4029afe763e7124ca72dbd3da87cad3c5c01dc6f120d
16,wintersteiger,max,data/floatingpoint_test/o300/wintersteiger/add/add-has-solution-1054.max.smt2,bv,verified_optimum,candidate,verified,sat,unsat,1592635180258929250,11.505267112981528,1f18551bd7ab6d1e25d5138c6b93d894ea49756767d697b752e2c4ec6f11585e
17,wintersteiger,max,data/floatingpoint_test/o300/wintersteiger/sqrt/sqrt-has-solution-6890.max.smt2,fp,verified_optimum,candidate,verified,sat,unsat,(fp #b0 #b10010000111 #b0010110101100001010101011101101101101001110010101101),0.33938540500821546,3da9c00fdc44e74b4b6925e7c0ca6c14c4bc1fafc67bd686ef502c1d1a24c27b
17,wintersteiger,max,data/floatingpoint_test/o300/wintersteiger/sqrt/sqrt-has-solution-6890.max.smt2,bvfp,timeout,unknown,,,,,30.008266963006463,43a81d197b678d3ff8ca6690a34ae031a0264b9c25790c7a19af567965f15cd9
17,wintersteiger,max,data/floatingpoint_test/o300/wintersteiger/sqrt/sqrt-has-solution-6890.max.smt2,bv,timeout,unknown,,,,,32.510403721011244,81fd5a476b10f7cd4128e6733ae75b517685654a86bf672edc387a282e6ad9dd
18,wintersteiger,min,data/floatingpoint_test/o300/wintersteiger/sub/sub-has-solution-15158.min.smt2,fp,verified_optimum,candidate,verified,sat,unsat,(fp #b1 #b01100110010 #b1111000011011111001011001110100100010000011011000001),0.2486752980039455,a401ea62e4e3460dbcf574552ed76798098f4d494b654475dc5c43f766a37af8
18,wintersteiger,min,data/floatingpoint_test/o300/wintersteiger/sub/sub-has-solution-15158.min.smt2,bvfp,verified_optimum,candidate,verified,sat,unsat,5535190080516192574,21.060098614019807,8586a5d5ddc8ffe69b90773e4a886771ab2f25f409fe0950d2098805744f7cc0
18,wintersteiger,min,data/floatingpoint_test/o300/wintersteiger/sub/sub-has-solution-15158.min.smt2,bv,verified_optimum,candidate,verified,sat,unsat,5535190080516192574,21.55350536899641,0b03f9fb114a17c6090022fb5ca42b37b67d56d001693285b061d003c2b1a4bc
19,wintersteiger,min,data/floatingpoint_test/o300/wintersteiger/abs/abs-has-solution-16243.min.smt2,fp,verified_optimum,candidate,verified,sat,unsat,(fp #b0 #b10101110101 #b1101010011110110100111001001001000101101010010011000),0.1084720260114409,32a46749364c86beda0219cc2bc603b15c594723f13307292bf4462e0566f4b5
19,wintersteiger,min,data/floatingpoint_test/o300/wintersteiger/abs/abs-has-solution-16243.min.smt2,bvfp,verified_optimum,candidate,verified,sat,unsat,15518647206753260696,0.013652227993588895,5a5890d616a37249c86bfd7cc99294b2a6a8906a2e29885ef4d4b56b88b9915e
19,wintersteiger,min,data/floatingpoint_test/o300/wintersteiger/abs/abs-has-solution-16243.min.smt2,bv,verified_optimum,candidate,verified,sat,unsat,15518647206753260696,0.03126982299727388,69d1f744beb38845454f620d1b7a60e0ffb2d2d1e35a63b23e81c3d31856c88b
