name,family,category,size,seed,paradigm,solver,status,proved_optimal,objective,runtime_s,memory_peak_mb,best_at_10s,best_at_30s,best_at_60s,timeout_s
B_jobshop_5_0,jobshop,B,5,0,omt,z3,OPTIMAL,True,33,0.0656,0.0,33,33,33,30.0
B_jobshop_5_0,jobshop,B,5,0,omt,optimathsat,OPTIMAL,True,33,0.1191,7.14,33,33,33,30.0
B_jobshop_5_0,jobshop,B,5,0,milp,cbc-bigm,OPTIMAL,True,33,0.4903,86.71,33,33,33,30.0
B_jobshop_5_0,jobshop,B,5,0,milp,highs-bigm,OPTIMAL,True,33,0.7221,63.19,33,33,33,30.0
B_jobshop_5_0,jobshop,B,5,0,milp,scip-bigm,OPTIMAL,True,33,0.0476,0.0,33,33,33,30.0
B_jobshop_5_0,jobshop,B,5,0,milp,gurobi-bigm,OPTIMAL,True,33,0.1161,52.75,33,33,33,30.0
B_jobshop_5_0,jobshop,B,5,0,milp,cplex-bigm,OPTIMAL,True,33,0.0848,55.61,33,33,33,30.0
B_jobshop_5_0,jobshop,B,5,0,milp,highs-hull,OPTIMAL,True,33,0.765,65.25,33,33,33,30.0
B_jobshop_5_0,jobshop,B,5,0,milp,gurobi-ind,OPTIMAL,True,33,0.0072,0.0,33,33,33,30.0
B_jobshop_5_0,jobshop,B,5,0,milp,cplex-ind,OPTIMAL,True,33,0.0191,0.0,33,33,33,30.0
B_jobshop_5_0,jobshop,B,5,0,cp,gecode,OPTIMAL,True,33,0.1166,14.95,33,33,33,30.0
B_jobshop_5_0,jobshop,B,5,0,cp,cpsat,OPTIMAL,True,33,0.0861,90.91,33,33,33,30.0
B_jobshop_6_0,jobshop,B,6,0,omt,z3,OPTIMAL,True,42,0.0672,35.9,42,42,42,30.0
B_jobshop_6_0,jobshop,B,6,0,omt,optimathsat,OPTIMAL,True,42,0.1252,7.52,42,42,42,30.0
B_jobshop_6_0,jobshop,B,6,0,milp,cbc-bigm,OPTIMAL,True,42,1.5763,103.68,42,42,42,30.0
B_jobshop_6_0,jobshop,B,6,0,milp,highs-bigm,OPTIMAL,True,42,0.8214,65.24,42,42,42,30.0
B_jobshop_6_0,jobshop,B,6,0,milp,scip-bigm,OPTIMAL,True,42,0.0221,0.0,42,42,42,30.0
B_jobshop_6_0,jobshop,B,6,0,milp,gurobi-bigm,OPTIMAL,True,42,0.0498,0.0,42,42,42,30.0
B_jobshop_6_0,jobshop,B,6,0,milp,cplex-bigm,OPTIMAL,True,42,0.0512,0.0,42,42,42,30.0
B_jobshop_6_0,jobshop,B,6,0,milp,highs-hull,OPTIMAL,True,42,2.1634,69.85,42,42,42,30.0
B_jobshop_6_0,jobshop,B,6,0,milp,gurobi-ind,OPTIMAL,True,42,0.0229,0.0,42,42,42,30.0
B_jobshop_6_0,jobshop,B,6,0,milp,cplex-ind,OPTIMAL,True,42,0.0718,86.79,42,42,42,30.0
B_jobshop_6_0,jobshop,B,6,0,cp,gecode,OPTIMAL,True,42,0.1165,14.95,42,42,42,30.0
B_jobshop_6_0,jobshop,B,6,0,cp,cpsat,OPTIMAL,True,42,0.0031,0.0,42,42,42,30.0
B_jobshop_7_0,jobshop,B,7,0,omt,z3,OPTIMAL,True,45,0.1747,35.88,45,45,45,30.0
B_jobshop_7_0,jobshop,B,7,0,omt,optimathsat,OPTIMAL,True,45,0.1202,7.39,45,45,45,30.0
B_jobshop_7_0,jobshop,B,7,0,milp,cbc-bigm,OPTIMAL,True,45,8.289,109.86,45,45,45,30.0
B_jobshop_7_0,jobshop,B,7,0,milp,highs-bigm,OPTIMAL,True,45,1.4043,68.17,45,45,45,30.0
B_jobshop_7_0,jobshop,B,7,0,milp,scip-bigm,OPTIMAL,True,45,0.5489,0.0,45,45,45,30.0
B_jobshop_7_0,jobshop,B,7,0,milp,gurobi-bigm,OPTIMAL,True,45,0.1073,56.76,45,45,45,30.0
B_jobshop_7_0,jobshop,B,7,0,milp,cplex-bigm,OPTIMAL,True,45,0.2583,60.73,45,45,45,30.0
B_jobshop_7_0,jobshop,B,7,0,milp,highs-hull,OPTIMAL,True,45,11.6319,82.97,,45,45,30.0
B_jobshop_7_0,jobshop,B,7,0,milp,gurobi-ind,OPTIMAL,True,45,0.0406,0.0,45,45,45,30.0
B_jobshop_7_0,jobshop,B,7,0,milp,cplex-ind,OPTIMAL,True,45,0.3711,88.52,45,45,45,30.0
B_jobshop_7_0,jobshop,B,7,0,cp,gecode,OPTIMAL,True,45,0.1181,16.28,45,45,45,30.0
B_jobshop_7_0,jobshop,B,7,0,cp,cpsat,OPTIMAL,True,45,0.0038,0.0,45,45,45,30.0
B_jobshop_8_0,jobshop,B,8,0,omt,z3,OPTIMAL,True,54,0.6946,36.57,54,54,54,30.0
B_jobshop_8_0,jobshop,B,8,0,omt,optimathsat,OPTIMAL,True,54,0.6377,11.14,54,54,54,30.0
B_jobshop_8_0,jobshop,B,8,0,milp,cbc-bigm,OPTIMAL,True,54,8.3668,115.64,54,54,54,30.0
B_jobshop_8_0,jobshop,B,8,0,milp,highs-bigm,OPTIMAL,True,54,8.1586,73.32,54,54,54,30.0
B_jobshop_8_0,jobshop,B,8,0,milp,scip-bigm,OPTIMAL,True,54,9.582,0.0,54,54,54,30.0
B_jobshop_8_0,jobshop,B,8,0,milp,gurobi-bigm,OPTIMAL,True,54,0.2194,58.6,54,54,54,30.0
B_jobshop_8_0,jobshop,B,8,0,milp,cplex-bigm,OPTIMAL,True,54,0.8317,61.37,54,54,54,30.0
B_jobshop_8_0,jobshop,B,8,0,milp,highs-hull,SAT,False,54,33.1459,114.67,,,54,30.0
B_jobshop_8_0,jobshop,B,8,0,milp,gurobi-ind,OPTIMAL,True,54,0.0916,35.62,54,54,54,30.0
B_jobshop_8_0,jobshop,B,8,0,milp,cplex-ind,OPTIMAL,True,54,4.4135,88.98,54,54,54,30.0
B_jobshop_8_0,jobshop,B,8,0,cp,gecode,OPTIMAL,True,54,0.8136,35.07,54,54,54,30.0
B_jobshop_8_0,jobshop,B,8,0,cp,cpsat,OPTIMAL,True,54,0.0043,0.0,54,54,54,30.0
B_jobshop_9_0,jobshop,B,9,0,omt,z3,OPTIMAL,True,59,5.6203,39.92,59,59,59,30.0
B_jobshop_9_0,jobshop,B,9,0,omt,optimathsat,OPTIMAL,True,59,5.0241,16.43,59,59,59,30.0
B_jobshop_9_0,jobshop,B,9,0,milp,cbc-bigm,SAT,False,59,36.7456,157.68,,,59,30.0
B_jobshop_9_0,jobshop,B,9,0,milp,highs-bigm,SAT,False,59,33.2173,88.77,,,59,30.0
B_jobshop_9_0,jobshop,B,9,0,milp,scip-bigm,SAT,False,59,32.4774,0.0,,,59,30.0
B_jobshop_9_0,jobshop,B,9,0,milp,gurobi-bigm,OPTIMAL,True,59,0.3401,59.44,59,59,59,30.0
B_jobshop_9_0,jobshop,B,9,0,milp,cplex-bigm,OPTIMAL,True,59,9.5075,64.4,59,59,59,30.0
B_jobshop_9_0,jobshop,B,9,0,milp,highs-hull,SAT,False,59,33.1084,116.41,,,59,30.0
B_jobshop_9_0,jobshop,B,9,0,milp,gurobi-ind,OPTIMAL,True,59,0.297,36.08,59,59,59,30.0
B_jobshop_9_0,jobshop,B,9,0,milp,cplex-ind,OPTIMAL,True,59,8.1813,92.72,59,59,59,30.0
B_jobshop_9_0,jobshop,B,9,0,cp,gecode,OPTIMAL,True,59,9.5543,35.23,59,59,59,30.0
B_jobshop_9_0,jobshop,B,9,0,cp,cpsat,OPTIMAL,True,59,0.0036,0.0,59,59,59,30.0
B_jobshop_10_0,jobshop,B,10,0,omt,z3,TIMEOUT,False,,30.0071,58.73,,,,30.0
B_jobshop_10_0,jobshop,B,10,0,omt,optimathsat,TIMEOUT,False,,30.009,25.27,,,,30.0
B_jobshop_10_0,jobshop,B,10,0,milp,cbc-bigm,SAT,False,68,37.9872,160.91,,,68,30.0
B_jobshop_10_0,jobshop,B,10,0,milp,highs-bigm,SAT,False,68,33.1443,81.59,,,68,30.0
B_jobshop_10_0,jobshop,B,10,0,milp,scip-bigm,SAT,False,68,32.5199,0.0,,,68,30.0
B_jobshop_10_0,jobshop,B,10,0,milp,gurobi-bigm,OPTIMAL,True,68,0.6986,61.24,68,68,68,30.0
B_jobshop_10_0,jobshop,B,10,0,milp,cplex-bigm,SAT,False,68,32.562,74.44,,,68,30.0
B_jobshop_10_0,jobshop,B,10,0,milp,highs-hull,SAT,False,68,33.1489,119.21,,,68,30.0
B_jobshop_10_0,jobshop,B,10,0,milp,gurobi-ind,OPTIMAL,True,68,0.7123,36.93,68,68,68,30.0
B_jobshop_10_0,jobshop,B,10,0,milp,cplex-ind,SAT,False,68,32.5356,114.52,,,68,30.0
B_jobshop_10_0,jobshop,B,10,0,cp,gecode,SAT,False,68,30.0,35.44,68,68,68,30.0
B_jobshop_10_0,jobshop,B,10,0,cp,cpsat,OPTIMAL,True,68,0.0039,0.0,68,68,68,30.0
